Sample,Species,Host,Country,Domesticated,
SRX2526900,BOVINE-NZ,RESERVOIR,New Zealand,CATTLE,DOMESTICATE
SRX2526901,BOVINE-NZ,RESERVOIR,New Zealand,CATTLE,DOMESTICATE
SRX2526902,BOVINE-NZ,RESERVOIR,New Zealand,CATTLE,DOMESTICATE
SRX2526903,BOVINE-NZ,RESERVOIR,New Zealand,CATTLE,DOMESTICATE
SRX2526904,BOVINE-NZ,RESERVOIR,New Zealand,CATTLE,DOMESTICATE
SRX2526905,BOVINE-NZ,RESERVOIR,New Zealand,CATTLE,DOMESTICATE
SRX2526906,POSSUM-NZ,RESERVOIR,New Zealand,WILDLIFE,WILDLIFE
SRX2526907,POSSUM-NZ,RESERVOIR,New Zealand,WILDLIFE,WILDLIFE
SRX2526908,POSSUM-NZ,RESERVOIR,New Zealand,WILDLIFE,WILDLIFE
SRX2526909,POSSUM-NZ,RESERVOIR,New Zealand,WILDLIFE,WILDLIFE
SRX2526910,FERRET-NZ,NON-RESERVOIR,New Zealand,WILDLIFE,WILDLIFE
SRX2526911,BOVINE-NZ,RESERVOIR,New Zealand,CATTLE,DOMESTICATE
SRX2526912,BOVINE-NZ,RESERVOIR,New Zealand,CATTLE,DOMESTICATE
SRX2526913,BOVINE-NZ,RESERVOIR,New Zealand,CATTLE,DOMESTICATE
SRX2526914,BOVINE-NZ,RESERVOIR,New Zealand,CATTLE,DOMESTICATE
SRX2526915,FERRET-NZ,NON-RESERVOIR,New Zealand,WILDLIFE,WILDLIFE
SRX2526916,BOVINE-NZ,RESERVOIR,New Zealand,CATTLE,DOMESTICATE
SRX2526917,BOVINE-NZ,RESERVOIR,New Zealand,CATTLE,DOMESTICATE
SRX2526918,BOVINE-NZ,RESERVOIR,New Zealand,CATTLE,DOMESTICATE
SRX2526919,POSSUM-NZ,RESERVOIR,New Zealand,WILDLIFE,WILDLIFE
SRX2526920,BOVINE-NZ,RESERVOIR,New Zealand,CATTLE,DOMESTICATE
SRX2526921,POSSUM-NZ,RESERVOIR,New Zealand,WILDLIFE,WILDLIFE
SRX2526922,BOVINE-NZ,RESERVOIR,New Zealand,CATTLE,DOMESTICATE
SRX2526923,POSSUM-NZ,RESERVOIR,New Zealand,WILDLIFE,WILDLIFE
SRX2526924,BOVINE-NZ,RESERVOIR,New Zealand,CATTLE,DOMESTICATE
SRX2526925,FERRET-NZ,NON-RESERVOIR,New Zealand,WILDLIFE,WILDLIFE
SRX2526926,FERRET-NZ,NON-RESERVOIR,New Zealand,WILDLIFE,WILDLIFE
SRX2526927,BOVINE-NZ,RESERVOIR,New Zealand,CATTLE,DOMESTICATE
SRX2526928,BOVINE-NZ,RESERVOIR,New Zealand,CATTLE,DOMESTICATE
SRX2526929,BOVINE-NZ,RESERVOIR,New Zealand,CATTLE,DOMESTICATE
SRX2526930,POSSUM-NZ,RESERVOIR,New Zealand,WILDLIFE,WILDLIFE
SRX2526931,FERRET-NZ,NON-RESERVOIR,New Zealand,WILDLIFE,WILDLIFE
SRX2526932,BOVINE-NZ,RESERVOIR,New Zealand,CATTLE,DOMESTICATE
SRX2526933,BOVINE-NZ,RESERVOIR,New Zealand,CATTLE,DOMESTICATE
SRX2526934,FERRET-NZ,NON-RESERVOIR,New Zealand,WILDLIFE,WILDLIFE
SRX2526935,BOVINE-NZ,RESERVOIR,New Zealand,CATTLE,DOMESTICATE
SRX2526936,BOVINE-NZ,RESERVOIR,New Zealand,CATTLE,DOMESTICATE
SRX2526937,POSSUM-NZ,RESERVOIR,New Zealand,WILDLIFE,WILDLIFE
SRX2526938,BOVINE-NZ,RESERVOIR,New Zealand,CATTLE,DOMESTICATE
SRX2526939,POSSUM-NZ,RESERVOIR,New Zealand,WILDLIFE,WILDLIFE
SRX2526940,POSSUM-NZ,RESERVOIR,New Zealand,WILDLIFE,WILDLIFE
SRX2526941,FERRET-NZ,NON-RESERVOIR,New Zealand,WILDLIFE,WILDLIFE
SRX2526942,BOVINE-NZ,RESERVOIR,New Zealand,CATTLE,DOMESTICATE
SRX2526943,POSSUM-NZ,RESERVOIR,New Zealand,WILDLIFE,WILDLIFE
SRX2526944,BOVINE-NZ,RESERVOIR,New Zealand,CATTLE,DOMESTICATE
SRX2526945,BOVINE-NZ,RESERVOIR,New Zealand,CATTLE,DOMESTICATE
SRX2526946,BOVINE-NZ,RESERVOIR,New Zealand,CATTLE,DOMESTICATE
SRX2526947,BOVINE-NZ,RESERVOIR,New Zealand,CATTLE,DOMESTICATE
SRX2526948,BOVINE-NZ,RESERVOIR,New Zealand,CATTLE,DOMESTICATE
SRX2526949,FERRET-NZ,NON-RESERVOIR,New Zealand,WILDLIFE,WILDLIFE
SRX2526950,BOVINE-NZ,RESERVOIR,New Zealand,CATTLE,DOMESTICATE
SRX2526951,BOVINE-NZ,RESERVOIR,New Zealand,CATTLE,DOMESTICATE
SRX2526952,BOVINE-NZ,RESERVOIR,New Zealand,CATTLE,DOMESTICATE
SRX2526953,BOVINE-NZ,RESERVOIR,New Zealand,CATTLE,DOMESTICATE
SRX2526954,BOVINE-NZ,RESERVOIR,New Zealand,CATTLE,DOMESTICATE
SRX2526955,BOVINE-NZ,RESERVOIR,New Zealand,CATTLE,DOMESTICATE
SRX2526956,POSSUM-NZ,RESERVOIR,New Zealand,WILDLIFE,WILDLIFE
SRX2526957,FERRET-NZ,NON-RESERVOIR,New Zealand,WILDLIFE,WILDLIFE
SRX2526958,BOVINE-NZ,RESERVOIR,New Zealand,CATTLE,DOMESTICATE
SRX2526959,PORCINE-NZ,NON-RESERVOIR,New Zealand,WILDLIFE,DOMESTICATE
SRX2526960,BOVINE-NZ,RESERVOIR,New Zealand,CATTLE,DOMESTICATE
SRX2526961,BOVINE-NZ,RESERVOIR,New Zealand,CATTLE,DOMESTICATE
SRX2526962,FERRET-NZ,NON-RESERVOIR,New Zealand,WILDLIFE,WILDLIFE
SRX2526963,POSSUM-NZ,RESERVOIR,New Zealand,WILDLIFE,WILDLIFE
SRX2526964,BOVINE-NZ,RESERVOIR,New Zealand,CATTLE,DOMESTICATE
SRX2526965,BOVINE-NZ,RESERVOIR,New Zealand,CATTLE,DOMESTICATE
SRX2526966,BOVINE-NZ,RESERVOIR,New Zealand,CATTLE,DOMESTICATE
SRX2526967,POSSUM-NZ,RESERVOIR,New Zealand,WILDLIFE,WILDLIFE
SRX2526968,POSSUM-NZ,RESERVOIR,New Zealand,WILDLIFE,WILDLIFE
SRX2526969,BOVINE-NZ,RESERVOIR,New Zealand,CATTLE,DOMESTICATE
SRX2526970,BOVINE-NZ,RESERVOIR,New Zealand,CATTLE,DOMESTICATE
SRX2526971,FERRET-NZ,NON-RESERVOIR,New Zealand,WILDLIFE,WILDLIFE
SRX2526972,BOVINE-NZ,RESERVOIR,New Zealand,CATTLE,DOMESTICATE
SRX2526973,BOVINE-NZ,RESERVOIR,New Zealand,CATTLE,DOMESTICATE
SRX2526974,BOVINE-NZ,RESERVOIR,New Zealand,CATTLE,DOMESTICATE
SRX2526975,CERVINE-NZ,NON-RESERVOIR,New Zealand,WILDLIFE,WILDLIFE
SRX2526976,BOVINE-NZ,RESERVOIR,New Zealand,CATTLE,DOMESTICATE
SRX2526977,PORCINE-NZ,NON-RESERVOIR,New Zealand,WILDLIFE,DOMESTICATE
SRX2526978,BOVINE-NZ,RESERVOIR,New Zealand,CATTLE,DOMESTICATE
SRX2526980,BOVINE-NZ,RESERVOIR,New Zealand,CATTLE,DOMESTICATE
SRX2526981,FERRET-NZ,NON-RESERVOIR,New Zealand,WILDLIFE,WILDLIFE
SRX2526982,BOVINE-NZ,RESERVOIR,New Zealand,CATTLE,DOMESTICATE
SRX2526983,BOVINE-NZ,RESERVOIR,New Zealand,CATTLE,DOMESTICATE
SRX2526984,BOVINE-NZ,RESERVOIR,New Zealand,CATTLE,DOMESTICATE
SRX2526985,BOVINE-NZ,RESERVOIR,New Zealand,CATTLE,DOMESTICATE
SRX2526986,BOVINE-NZ,RESERVOIR,New Zealand,CATTLE,DOMESTICATE
SRX2526987,BOVINE-NZ,RESERVOIR,New Zealand,CATTLE,DOMESTICATE
SRX2526988,BOVINE-NZ,RESERVOIR,New Zealand,CATTLE,DOMESTICATE
SRX2526989,POSSUM-NZ,RESERVOIR,New Zealand,WILDLIFE,WILDLIFE
SRX2526990,BOVINE-NZ,RESERVOIR,New Zealand,CATTLE,DOMESTICATE
SRX2526991,BOVINE-NZ,RESERVOIR,New Zealand,CATTLE,DOMESTICATE
SRX2526992,BOVINE-NZ,RESERVOIR,New Zealand,CATTLE,DOMESTICATE
SRX2526993,FERRET-NZ,NON-RESERVOIR,New Zealand,WILDLIFE,WILDLIFE
SRX2526994,BOVINE-NZ,RESERVOIR,New Zealand,CATTLE,DOMESTICATE
SRX2526995,BOVINE-NZ,RESERVOIR,New Zealand,CATTLE,DOMESTICATE
SRX2526996,BOVINE-NZ,RESERVOIR,New Zealand,CATTLE,DOMESTICATE
SRX2526997,BOVINE-NZ,RESERVOIR,New Zealand,CATTLE,DOMESTICATE
SRX2526998,BOVINE-NZ,RESERVOIR,New Zealand,CATTLE,DOMESTICATE
SRX2526999,BOVINE-NZ,RESERVOIR,New Zealand,CATTLE,DOMESTICATE
SRX2527000,BOVINE-NZ,RESERVOIR,New Zealand,CATTLE,DOMESTICATE
SRX2527001,BOVINE-NZ,RESERVOIR,New Zealand,CATTLE,DOMESTICATE
SRX2527002,BOVINE-NZ,RESERVOIR,New Zealand,CATTLE,DOMESTICATE
SRX2527003,FERRET-NZ,NON-RESERVOIR,New Zealand,WILDLIFE,WILDLIFE
SRX2527004,POSSUM-NZ,RESERVOIR,New Zealand,WILDLIFE,WILDLIFE
SRX2527005,BOVINE-NZ,RESERVOIR,New Zealand,CATTLE,DOMESTICATE
SRX2527006,FERRET-NZ,NON-RESERVOIR,New Zealand,WILDLIFE,WILDLIFE
SRX2527007,PORCINE-NZ,NON-RESERVOIR,New Zealand,WILDLIFE,DOMESTICATE
SRX2527008,BOVINE-NZ,RESERVOIR,New Zealand,CATTLE,DOMESTICATE
SRX2527009,BOVINE-NZ,RESERVOIR,New Zealand,CATTLE,DOMESTICATE
SRX2527010,BOVINE-NZ,RESERVOIR,New Zealand,CATTLE,DOMESTICATE
SRX2527011,BOVINE-NZ,RESERVOIR,New Zealand,CATTLE,DOMESTICATE
SRX2527012,FERRET-NZ,NON-RESERVOIR,New Zealand,WILDLIFE,WILDLIFE
SRX2527013,POSSUM-NZ,RESERVOIR,New Zealand,WILDLIFE,WILDLIFE
SRX2527014,BOVINE-NZ,RESERVOIR,New Zealand,CATTLE,DOMESTICATE
SRX2527015,BOVINE-NZ,RESERVOIR,New Zealand,CATTLE,DOMESTICATE
SRX2527016,FERRET-NZ,NON-RESERVOIR,New Zealand,WILDLIFE,WILDLIFE
SRX2527017,BOVINE-NZ,RESERVOIR,New Zealand,CATTLE,DOMESTICATE
SRX2527018,BOVINE-NZ,RESERVOIR,New Zealand,CATTLE,DOMESTICATE
SRX2527019,POSSUM-NZ,RESERVOIR,New Zealand,WILDLIFE,WILDLIFE
SRX2527020,POSSUM-NZ,RESERVOIR,New Zealand,WILDLIFE,WILDLIFE
SRX2527021,FERRET-NZ,NON-RESERVOIR,New Zealand,WILDLIFE,WILDLIFE
SRX2527022,BOVINE-NZ,RESERVOIR,New Zealand,CATTLE,DOMESTICATE
SRX2527023,BOVINE-NZ,RESERVOIR,New Zealand,CATTLE,DOMESTICATE
SRX2527024,FERRET-NZ,NON-RESERVOIR,New Zealand,WILDLIFE,WILDLIFE
SRX2527025,BOVINE-NZ,RESERVOIR,New Zealand,CATTLE,DOMESTICATE
SRX2527026,BOVINE-NZ,RESERVOIR,New Zealand,CATTLE,DOMESTICATE
SRX2527027,FERRET-NZ,NON-RESERVOIR,New Zealand,WILDLIFE,WILDLIFE
SRX2527028,BOVINE-NZ,RESERVOIR,New Zealand,CATTLE,DOMESTICATE
SRX2527029,BOVINE-NZ,RESERVOIR,New Zealand,CATTLE,DOMESTICATE
SRX2527030,STOAT-NZ,NON-RESERVOIR,New Zealand,WILDLIFE,WILDLIFE
SRX2527031,BOVINE-NZ,RESERVOIR,New Zealand,CATTLE,DOMESTICATE
SRX2527032,BOVINE-NZ,RESERVOIR,New Zealand,CATTLE,DOMESTICATE
SRX2527033,BOVINE-NZ,RESERVOIR,New Zealand,CATTLE,DOMESTICATE
SRX2527034,FERRET-NZ,NON-RESERVOIR,New Zealand,WILDLIFE,WILDLIFE
SRX2527035,BOVINE-NZ,RESERVOIR,New Zealand,CATTLE,DOMESTICATE
SRX2527036,BOVINE-NZ,RESERVOIR,New Zealand,CATTLE,DOMESTICATE
SRX2527037,FERRET-NZ,NON-RESERVOIR,New Zealand,WILDLIFE,WILDLIFE
SRX2527038,BOVINE-NZ,RESERVOIR,New Zealand,CATTLE,DOMESTICATE
SRX2527039,BOVINE-NZ,RESERVOIR,New Zealand,CATTLE,DOMESTICATE
SRX2527040,BOVINE-NZ,RESERVOIR,New Zealand,CATTLE,DOMESTICATE
SRX2527041,POSSUM-NZ,RESERVOIR,New Zealand,WILDLIFE,WILDLIFE
SRX2527042,BOVINE-NZ,RESERVOIR,New Zealand,CATTLE,DOMESTICATE
SRX2527043,BOVINE-NZ,RESERVOIR,New Zealand,CATTLE,DOMESTICATE
SRX2527044,BOVINE-NZ,RESERVOIR,New Zealand,CATTLE,DOMESTICATE
SRX2527045,BOVINE-NZ,RESERVOIR,New Zealand,CATTLE,DOMESTICATE
SRX2527046,PORCINE-NZ,NON-RESERVOIR,New Zealand,WILDLIFE,DOMESTICATE
SRX2527047,POSSUM-NZ,RESERVOIR,New Zealand,WILDLIFE,WILDLIFE
SRX2527048,BOVINE-NZ,RESERVOIR,New Zealand,CATTLE,DOMESTICATE
SRX2527049,BOVINE-NZ,RESERVOIR,New Zealand,CATTLE,DOMESTICATE
SRX2527050,BOVINE-NZ,RESERVOIR,New Zealand,CATTLE,DOMESTICATE
SRX2527051,BOVINE-NZ,RESERVOIR,New Zealand,CATTLE,DOMESTICATE
SRX2527052,FERRET-NZ,NON-RESERVOIR,New Zealand,WILDLIFE,WILDLIFE
SRX2527053,POSSUM-NZ,RESERVOIR,New Zealand,WILDLIFE,WILDLIFE
SRX2527054,BOVINE-NZ,RESERVOIR,New Zealand,CATTLE,DOMESTICATE
SRX2527055,BOVINE-NZ,RESERVOIR,New Zealand,CATTLE,DOMESTICATE
SRX2527056,BOVINE-NZ,RESERVOIR,New Zealand,CATTLE,DOMESTICATE
SRX2527057,BOVINE-NZ,RESERVOIR,New Zealand,CATTLE,DOMESTICATE
SRX2527058,POSSUM-NZ,RESERVOIR,New Zealand,WILDLIFE,WILDLIFE
SRX2527059,BOVINE-NZ,RESERVOIR,New Zealand,CATTLE,DOMESTICATE
SRX2527060,BOVINE-NZ,RESERVOIR,New Zealand,CATTLE,DOMESTICATE
SRX2527061,BOVINE-NZ,RESERVOIR,New Zealand,CATTLE,DOMESTICATE
SRX2527062,POSSUM-NZ,RESERVOIR,New Zealand,WILDLIFE,WILDLIFE
SRX2527063,BOVINE-NZ,RESERVOIR,New Zealand,CATTLE,DOMESTICATE
SRX2527064,BOVINE-NZ,RESERVOIR,New Zealand,CATTLE,DOMESTICATE
SRX2527065,BOVINE-NZ,RESERVOIR,New Zealand,CATTLE,DOMESTICATE
SRX2527066,BOVINE-NZ,RESERVOIR,New Zealand,CATTLE,DOMESTICATE
SRX2527067,BOVINE-NZ,RESERVOIR,New Zealand,CATTLE,DOMESTICATE
SRX2527068,POSSUM-NZ,RESERVOIR,New Zealand,WILDLIFE,WILDLIFE
SRX2527069,BOVINE-NZ,RESERVOIR,New Zealand,CATTLE,DOMESTICATE
SRX2527070,BOVINE-NZ,RESERVOIR,New Zealand,CATTLE,DOMESTICATE
SRX2527071,FERRET-NZ,NON-RESERVOIR,New Zealand,WILDLIFE,WILDLIFE
SRX2527072,BOVINE-NZ,RESERVOIR,New Zealand,CATTLE,DOMESTICATE
SRX2527073,BOVINE-NZ,RESERVOIR,New Zealand,CATTLE,DOMESTICATE
SRX2527074,BOVINE-NZ,RESERVOIR,New Zealand,CATTLE,DOMESTICATE
SRX2527075,BOVINE-NZ,RESERVOIR,New Zealand,CATTLE,DOMESTICATE
SRX2527076,BOVINE-NZ,RESERVOIR,New Zealand,CATTLE,DOMESTICATE
SRX2527077,FERRET-NZ,NON-RESERVOIR,New Zealand,WILDLIFE,WILDLIFE
SRX2527078,BOVINE-NZ,RESERVOIR,New Zealand,CATTLE,DOMESTICATE
SRX2527079,BOVINE-NZ,RESERVOIR,New Zealand,CATTLE,DOMESTICATE
SRX2527080,BOVINE-NZ,RESERVOIR,New Zealand,CATTLE,DOMESTICATE
SRX2527081,POSSUM-NZ,RESERVOIR,New Zealand,WILDLIFE,WILDLIFE
SRX2527082,BOVINE-NZ,RESERVOIR,New Zealand,CATTLE,DOMESTICATE
SRX2527083,POSSUM-NZ,RESERVOIR,New Zealand,WILDLIFE,WILDLIFE
SRX2527084,BOVINE-NZ,RESERVOIR,New Zealand,CATTLE,DOMESTICATE
SRX2527085,PORCINE-NZ,NON-RESERVOIR,New Zealand,WILDLIFE,DOMESTICATE
SRX2527086,BOVINE-NZ,RESERVOIR,New Zealand,CATTLE,DOMESTICATE
SRX2527087,POSSUM-NZ,RESERVOIR,New Zealand,WILDLIFE,WILDLIFE
SRX2527088,FERRET-NZ,NON-RESERVOIR,New Zealand,WILDLIFE,WILDLIFE
SRX2527089,POSSUM-NZ,RESERVOIR,New Zealand,WILDLIFE,WILDLIFE
SRX2527090,BOVINE-NZ,RESERVOIR,New Zealand,CATTLE,DOMESTICATE
SRX2527091,BOVINE-NZ,RESERVOIR,New Zealand,CATTLE,DOMESTICATE
SRX2527092,CERVINE-NZ,NON-RESERVOIR,New Zealand,WILDLIFE,WILDLIFE
SRX2527093,BOVINE-NZ,RESERVOIR,New Zealand,CATTLE,DOMESTICATE
SRX2527094,BOVINE-NZ,RESERVOIR,New Zealand,CATTLE,DOMESTICATE
SRX2527095,BOVINE-NZ,RESERVOIR,New Zealand,CATTLE,DOMESTICATE
SRX2527096,PORCINE-NZ,NON-RESERVOIR,New Zealand,WILDLIFE,DOMESTICATE
SRX2527097,BOVINE-NZ,RESERVOIR,New Zealand,CATTLE,DOMESTICATE
SRX2527098,POSSUM-NZ,RESERVOIR,New Zealand,WILDLIFE,WILDLIFE
SRX2527099,BOVINE-NZ,RESERVOIR,New Zealand,CATTLE,DOMESTICATE
SRX2527100,POSSUM-NZ,RESERVOIR,New Zealand,WILDLIFE,WILDLIFE
SRX2527101,POSSUM-NZ,RESERVOIR,New Zealand,WILDLIFE,WILDLIFE
SRX2527102,POSSUM-NZ,RESERVOIR,New Zealand,WILDLIFE,WILDLIFE
SRX2527103,BOVINE-NZ,RESERVOIR,New Zealand,CATTLE,DOMESTICATE
SRX2527104,BOVINE-NZ,RESERVOIR,New Zealand,CATTLE,DOMESTICATE
SRX2527105,POSSUM-NZ,RESERVOIR,New Zealand,WILDLIFE,WILDLIFE
SRX2527106,BOVINE-NZ,RESERVOIR,New Zealand,CATTLE,DOMESTICATE
SRX2527107,BOVINE-NZ,RESERVOIR,New Zealand,CATTLE,DOMESTICATE
SRX2527108,POSSUM-NZ,RESERVOIR,New Zealand,WILDLIFE,WILDLIFE
SRX2527109,FERRET-NZ,NON-RESERVOIR,New Zealand,WILDLIFE,WILDLIFE
SRX2527110,BOVINE-NZ,RESERVOIR,New Zealand,CATTLE,DOMESTICATE
SRX2527111,BOVINE-NZ,RESERVOIR,New Zealand,CATTLE,DOMESTICATE
SRX2527112,BOVINE-NZ,RESERVOIR,New Zealand,CATTLE,DOMESTICATE
SRX2527113,BOVINE-NZ,RESERVOIR,New Zealand,CATTLE,DOMESTICATE
SRX2527114,FERRET-NZ,NON-RESERVOIR,New Zealand,WILDLIFE,WILDLIFE
SRX2527115,BOVINE-NZ,RESERVOIR,New Zealand,CATTLE,DOMESTICATE
SRX2527116,FERRET-NZ,NON-RESERVOIR,New Zealand,WILDLIFE,WILDLIFE
SRX2527118,FERRET-NZ,NON-RESERVOIR,New Zealand,WILDLIFE,WILDLIFE
SRX2527119,FERRET-NZ,NON-RESERVOIR,New Zealand,WILDLIFE,WILDLIFE
SRX2527120,POSSUM-NZ,RESERVOIR,New Zealand,WILDLIFE,WILDLIFE
SRX2527121,BOVINE-NZ,RESERVOIR,New Zealand,CATTLE,DOMESTICATE
SRX2527122,POSSUM-NZ,RESERVOIR,New Zealand,WILDLIFE,WILDLIFE
SRX2527123,BOVINE-NZ,RESERVOIR,New Zealand,CATTLE,DOMESTICATE
SRX2527124,BOVINE-NZ,RESERVOIR,New Zealand,CATTLE,DOMESTICATE
SRX2527125,BOVINE-NZ,RESERVOIR,New Zealand,CATTLE,DOMESTICATE
SRX2527126,BOVINE-NZ,RESERVOIR,New Zealand,CATTLE,DOMESTICATE
SRX2527127,POSSUM-NZ,RESERVOIR,New Zealand,WILDLIFE,WILDLIFE
SRX2527128,BOVINE-NZ,RESERVOIR,New Zealand,CATTLE,DOMESTICATE
SRX2527129,POSSUM-NZ,RESERVOIR,New Zealand,WILDLIFE,WILDLIFE
SRX2527130,FERRET-NZ,NON-RESERVOIR,New Zealand,WILDLIFE,WILDLIFE
SRX2527132,POSSUM-NZ,RESERVOIR,New Zealand,WILDLIFE,WILDLIFE
SRX2527133,BOVINE-NZ,RESERVOIR,New Zealand,CATTLE,DOMESTICATE
SRX2527134,BOVINE-NZ,RESERVOIR,New Zealand,CATTLE,DOMESTICATE
SRX2527135,BOVINE-NZ,RESERVOIR,New Zealand,CATTLE,DOMESTICATE
SRX2527136,BOVINE-NZ,RESERVOIR,New Zealand,CATTLE,DOMESTICATE
SRX2527137,POSSUM-NZ,RESERVOIR,New Zealand,WILDLIFE,WILDLIFE
SRX2527138,BOVINE-NZ,RESERVOIR,New Zealand,CATTLE,DOMESTICATE
SRX2527139,BOVINE-NZ,RESERVOIR,New Zealand,CATTLE,DOMESTICATE
SRX2527140,BOVINE-NZ,RESERVOIR,New Zealand,CATTLE,DOMESTICATE
SRX2527141,BOVINE-NZ,RESERVOIR,New Zealand,CATTLE,DOMESTICATE
SRX2527142,BOVINE-NZ,RESERVOIR,New Zealand,CATTLE,DOMESTICATE
SRX2527143,BOVINE-NZ,RESERVOIR,New Zealand,CATTLE,DOMESTICATE
SRX2527144,BOVINE-NZ,RESERVOIR,New Zealand,CATTLE,DOMESTICATE
SRX2527145,BOVINE-NZ,RESERVOIR,New Zealand,CATTLE,DOMESTICATE
SRX2527146,BOVINE-NZ,RESERVOIR,New Zealand,CATTLE,DOMESTICATE
SRX2527147,BOVINE-NZ,RESERVOIR,New Zealand,CATTLE,DOMESTICATE
SRX2527148,BOVINE-NZ,RESERVOIR,New Zealand,CATTLE,DOMESTICATE
SRX2527149,BOVINE-NZ,RESERVOIR,New Zealand,CATTLE,DOMESTICATE
SRX2527150,BOVINE-NZ,RESERVOIR,New Zealand,CATTLE,DOMESTICATE
SRX2527151,BOVINE-NZ,RESERVOIR,New Zealand,CATTLE,DOMESTICATE
SRX2527152,BOVINE-NZ,RESERVOIR,New Zealand,CATTLE,DOMESTICATE
SRX2527153,BOVINE-NZ,RESERVOIR,New Zealand,CATTLE,DOMESTICATE
SRX2527154,BOVINE-NZ,RESERVOIR,New Zealand,CATTLE,DOMESTICATE
SRX2527155,POSSUM-NZ,RESERVOIR,New Zealand,WILDLIFE,WILDLIFE
SRX2527156,PORCINE-NZ,NON-RESERVOIR,New Zealand,WILDLIFE,DOMESTICATE
SRX2527157,BOVINE-NZ,RESERVOIR,New Zealand,CATTLE,DOMESTICATE
SRX2527158,BOVINE-NZ,RESERVOIR,New Zealand,CATTLE,DOMESTICATE
SRX2527159,BOVINE-NZ,RESERVOIR,New Zealand,CATTLE,DOMESTICATE
SRX2527160,BOVINE-NZ,RESERVOIR,New Zealand,CATTLE,DOMESTICATE
SRX2527161,POSSUM-NZ,RESERVOIR,New Zealand,WILDLIFE,WILDLIFE
SRX2527162,BOVINE-NZ,RESERVOIR,New Zealand,CATTLE,DOMESTICATE
SRX2527163,BOVINE-NZ,RESERVOIR,New Zealand,CATTLE,DOMESTICATE
SRX2527164,FERRET-NZ,NON-RESERVOIR,New Zealand,WILDLIFE,WILDLIFE
SRX2527165,BOVINE-NZ,RESERVOIR,New Zealand,CATTLE,DOMESTICATE
SRX2527166,BOVINE-NZ,RESERVOIR,New Zealand,CATTLE,DOMESTICATE
SRX2527167,FERRET-NZ,NON-RESERVOIR,New Zealand,WILDLIFE,WILDLIFE
SRX2527168,FERRET-NZ,NON-RESERVOIR,New Zealand,WILDLIFE,WILDLIFE
SRX2527169,FERRET-NZ,NON-RESERVOIR,New Zealand,WILDLIFE,WILDLIFE
SRX2527170,POSSUM-NZ,RESERVOIR,New Zealand,WILDLIFE,WILDLIFE
SRX2527171,BOVINE-NZ,RESERVOIR,New Zealand,CATTLE,DOMESTICATE
SRX2527172,BOVINE-NZ,RESERVOIR,New Zealand,CATTLE,DOMESTICATE
SRX2527173,BOVINE-NZ,RESERVOIR,New Zealand,CATTLE,DOMESTICATE
SRX2527174,POSSUM-NZ,RESERVOIR,New Zealand,WILDLIFE,WILDLIFE
SRX2527175,CERVINE-NZ,NON-RESERVOIR,New Zealand,WILDLIFE,WILDLIFE
SRX2527176,BOVINE-NZ,RESERVOIR,New Zealand,CATTLE,DOMESTICATE
SRX2527177,BOVINE-NZ,RESERVOIR,New Zealand,CATTLE,DOMESTICATE
SRX2527178,BOVINE-NZ,RESERVOIR,New Zealand,CATTLE,DOMESTICATE
SRX2527179,BOVINE-NZ,RESERVOIR,New Zealand,CATTLE,DOMESTICATE
SRX2527180,BOVINE-NZ,RESERVOIR,New Zealand,CATTLE,DOMESTICATE
SRX2527181,FERRET-NZ,NON-RESERVOIR,New Zealand,WILDLIFE,WILDLIFE
SRX2527182,POSSUM-NZ,RESERVOIR,New Zealand,WILDLIFE,WILDLIFE
SRX2527183,POSSUM-NZ,RESERVOIR,New Zealand,WILDLIFE,WILDLIFE
SRX2527184,POSSUM-NZ,RESERVOIR,New Zealand,WILDLIFE,WILDLIFE
SRX2527185,BOVINE-NZ,RESERVOIR,New Zealand,CATTLE,DOMESTICATE
SRX2527186,BOVINE-NZ,RESERVOIR,New Zealand,CATTLE,DOMESTICATE
SRX2527187,BOVINE-NZ,RESERVOIR,New Zealand,CATTLE,DOMESTICATE
SRX2527188,FERRET-NZ,NON-RESERVOIR,New Zealand,WILDLIFE,WILDLIFE
SRX2527189,POSSUM-NZ,RESERVOIR,New Zealand,WILDLIFE,WILDLIFE
SRX2527190,POSSUM-NZ,RESERVOIR,New Zealand,WILDLIFE,WILDLIFE
SRX2527191,POSSUM-NZ,RESERVOIR,New Zealand,WILDLIFE,WILDLIFE
SRX2527192,BOVINE-NZ,RESERVOIR,New Zealand,CATTLE,DOMESTICATE
SRX2527193,CERVINE-NZ,NON-RESERVOIR,New Zealand,WILDLIFE,WILDLIFE
SRX2527194,POSSUM-NZ,RESERVOIR,New Zealand,WILDLIFE,WILDLIFE
SRX2527195,BOVINE-NZ,RESERVOIR,New Zealand,CATTLE,DOMESTICATE
SRX2995962,WTD-Michigan,RESERVOIR,USA,WILDLIFE,WILDLIFE
SRX2995963,WTD-Michigan,RESERVOIR,USA,WILDLIFE,WILDLIFE
SRX2995964,WTD-Michigan,RESERVOIR,USA,WILDLIFE,WILDLIFE
SRX2995965,BOVINE-Michigan,RESERVOIR,USA,CATTLE,DOMESTICATE
SRX2995966,WTD-Michigan,RESERVOIR,USA,WILDLIFE,WILDLIFE
SRX2995967,BOVINE-Michigan,RESERVOIR,USA,CATTLE,DOMESTICATE
SRX2995968,WTD-Michigan,RESERVOIR,USA,WILDLIFE,WILDLIFE
SRX2995969,WTD-Michigan,RESERVOIR,USA,WILDLIFE,WILDLIFE
SRX2995970,ELK-Michigan,NON-RESERVOIR,USA,WILDLIFE,WILDLIFE
SRX2995972,WTD-Michigan,RESERVOIR,USA,WILDLIFE,WILDLIFE
SRX2995973,WTD-Michigan,RESERVOIR,USA,WILDLIFE,WILDLIFE
SRX2995974,WTD-Michigan,RESERVOIR,USA,WILDLIFE,WILDLIFE
SRX2995975,WTD-Michigan,RESERVOIR,USA,WILDLIFE,WILDLIFE
SRX2995976,BOVINE-Michigan,RESERVOIR,USA,CATTLE,DOMESTICATE
SRX2995977,WTD-Michigan,RESERVOIR,USA,WILDLIFE,WILDLIFE
SRX2995978,WTD-Michigan,RESERVOIR,USA,WILDLIFE,WILDLIFE
SRX2995979,WTD-Michigan,RESERVOIR,USA,WILDLIFE,WILDLIFE
SRX2995980,WTD-Michigan,RESERVOIR,USA,WILDLIFE,WILDLIFE
SRX2995981,WTD-Michigan,RESERVOIR,USA,WILDLIFE,WILDLIFE
SRX2995983,BOVINE-Michigan,RESERVOIR,USA,CATTLE,DOMESTICATE
SRX2995984,WTD-Michigan,RESERVOIR,USA,WILDLIFE,WILDLIFE
SRX2995985,WTD-Michigan,RESERVOIR,USA,WILDLIFE,WILDLIFE
SRX2995986,BOVINE-Michigan,RESERVOIR,USA,CATTLE,DOMESTICATE
SRX2995987,WTD-Michigan,RESERVOIR,USA,WILDLIFE,WILDLIFE
SRX2995988,WTD-Michigan,RESERVOIR,USA,WILDLIFE,WILDLIFE
SRR5817693,WTD-Michigan,RESERVOIR,USA,WILDLIFE,WILDLIFE
SRX2995990,WTD-Michigan,RESERVOIR,USA,WILDLIFE,WILDLIFE
SRX2995991,WTD-Michigan,RESERVOIR,USA,WILDLIFE,WILDLIFE
SRX2995992,ELK-Michigan,NON-RESERVOIR,USA,WILDLIFE,WILDLIFE
SRX2995993,WTD-Michigan,RESERVOIR,USA,WILDLIFE,WILDLIFE
SRX2995994,WTD-Michigan,RESERVOIR,USA,WILDLIFE,WILDLIFE
SRX2995995,WTD-Michigan,RESERVOIR,USA,WILDLIFE,WILDLIFE
SRX2995996,WTD-Michigan,RESERVOIR,USA,WILDLIFE,WILDLIFE
SRX2995997,WTD-Michigan,RESERVOIR,USA,WILDLIFE,WILDLIFE
SRX2995998,WTD-Michigan,RESERVOIR,USA,WILDLIFE,WILDLIFE
SRX2995999,WTD-Michigan,RESERVOIR,USA,WILDLIFE,WILDLIFE
SRX2996000,WTD-Michigan,RESERVOIR,USA,WILDLIFE,WILDLIFE
SRX2996001,ELK-Michigan,NON-RESERVOIR,USA,WILDLIFE,WILDLIFE
SRX2996002,WTD-Michigan,RESERVOIR,USA,WILDLIFE,WILDLIFE
SRX2996003,WTD-Michigan,RESERVOIR,USA,WILDLIFE,WILDLIFE
SRX2996004,WTD-Michigan,RESERVOIR,USA,WILDLIFE,WILDLIFE
SRX2996005,WTD-Michigan,RESERVOIR,USA,WILDLIFE,WILDLIFE
SRX2996006,WTD-Michigan,RESERVOIR,USA,WILDLIFE,WILDLIFE
SRX2996007,BOVINE-Michigan,RESERVOIR,USA,CATTLE,DOMESTICATE
SRX2996008,BOVINE-Michigan,RESERVOIR,USA,CATTLE,DOMESTICATE
SRX2996009,ELK-Michigan,NON-RESERVOIR,USA,WILDLIFE,WILDLIFE
SRX2996010,WTD-Michigan,RESERVOIR,USA,WILDLIFE,WILDLIFE
SRX2996011,WTD-Michigan,RESERVOIR,USA,WILDLIFE,WILDLIFE
SRX2996012,WTD-Michigan,RESERVOIR,USA,WILDLIFE,WILDLIFE
SRX2996013,BOVINE-Michigan,RESERVOIR,USA,CATTLE,DOMESTICATE
SRX2996014,WTD-Michigan,RESERVOIR,USA,WILDLIFE,WILDLIFE
SRX4901471,WTD-Michigan,RESERVOIR,USA,WILDLIFE,WILDLIFE
SRX4901472,WTD-Michigan,RESERVOIR,USA,WILDLIFE,WILDLIFE
SRX4901473,WTD-Michigan,RESERVOIR,USA,WILDLIFE,WILDLIFE
SRX4901474,WTD-Michigan,RESERVOIR,USA,WILDLIFE,WILDLIFE
SRX4901475,WTD-Michigan,RESERVOIR,USA,WILDLIFE,WILDLIFE
SRX4901476,WTD-Michigan,RESERVOIR,USA,WILDLIFE,WILDLIFE
SRX4901477,WTD-Michigan,RESERVOIR,USA,WILDLIFE,WILDLIFE
SRX4901478,WTD-Michigan,RESERVOIR,USA,WILDLIFE,WILDLIFE
SRX4901479,WTD-Michigan,RESERVOIR,USA,WILDLIFE,WILDLIFE
SRX4901480,WTD-Michigan,RESERVOIR,USA,WILDLIFE,WILDLIFE
SRX4901481,WTD-Michigan,RESERVOIR,USA,WILDLIFE,WILDLIFE
SRX4901482,WTD-Michigan,RESERVOIR,USA,WILDLIFE,WILDLIFE
SRX4901483,WTD-Michigan,RESERVOIR,USA,WILDLIFE,WILDLIFE
SRX4901484,WTD-Michigan,RESERVOIR,USA,WILDLIFE,WILDLIFE
SRX4901485,WTD-Michigan,RESERVOIR,USA,WILDLIFE,WILDLIFE
SRX4901486,WTD-Michigan,RESERVOIR,USA,WILDLIFE,WILDLIFE
SRX4901487,WTD-Michigan,RESERVOIR,USA,WILDLIFE,WILDLIFE
SRX4901488,WTD-Michigan,RESERVOIR,USA,WILDLIFE,WILDLIFE
SRX4901489,WTD-Michigan,RESERVOIR,USA,WILDLIFE,WILDLIFE
SRX4901490,WTD-Michigan,RESERVOIR,USA,WILDLIFE,WILDLIFE
SRX4901492,WTD-Michigan,RESERVOIR,USA,WILDLIFE,WILDLIFE
SRX4901493,WTD-Michigan,RESERVOIR,USA,WILDLIFE,WILDLIFE
SRX4901494,WTD-Michigan,RESERVOIR,USA,WILDLIFE,WILDLIFE
SRX4901495,WTD-Michigan,RESERVOIR,USA,WILDLIFE,WILDLIFE
SRX4901496,WTD-Michigan,RESERVOIR,USA,WILDLIFE,WILDLIFE
SRX4901497,WTD-Michigan,RESERVOIR,USA,WILDLIFE,WILDLIFE
SRX4901498,WTD-Michigan,RESERVOIR,USA,WILDLIFE,WILDLIFE
SRX4901499,WTD-Michigan,RESERVOIR,USA,WILDLIFE,WILDLIFE
SRX4901500,WTD-Michigan,RESERVOIR,USA,WILDLIFE,WILDLIFE
SRX4901501,WTD-Michigan,RESERVOIR,USA,WILDLIFE,WILDLIFE
SRX4901502,WTD-Michigan,RESERVOIR,USA,WILDLIFE,WILDLIFE
SRX4901503,WTD-Michigan,RESERVOIR,USA,WILDLIFE,WILDLIFE
SRX4901504,WTD-Michigan,RESERVOIR,USA,WILDLIFE,WILDLIFE
SRX4901505,WTD-Michigan,RESERVOIR,USA,WILDLIFE,WILDLIFE
SRX4901506,WTD-Michigan,RESERVOIR,USA,WILDLIFE,WILDLIFE
SRX4901507,WTD-Michigan,RESERVOIR,USA,WILDLIFE,WILDLIFE
SRX4901508,WTD-Michigan,RESERVOIR,USA,WILDLIFE,WILDLIFE
SRX4901509,WTD-Michigan,RESERVOIR,USA,WILDLIFE,WILDLIFE
SRX4901510,WTD-Michigan,RESERVOIR,USA,WILDLIFE,WILDLIFE
SRX4901511,WTD-Michigan,RESERVOIR,USA,WILDLIFE,WILDLIFE
SRX4901512,WTD-Michigan,RESERVOIR,USA,WILDLIFE,WILDLIFE
SRX4901513,WTD-Michigan,RESERVOIR,USA,WILDLIFE,WILDLIFE
SRX4901514,WTD-Michigan,RESERVOIR,USA,WILDLIFE,WILDLIFE
SRX4901515,WTD-Michigan,RESERVOIR,USA,WILDLIFE,WILDLIFE
SRX4901516,BOVINE-Michigan,RESERVOIR,USA,CATTLE,DOMESTICATE
SRX4901517,BOVINE-Michigan,RESERVOIR,USA,CATTLE,DOMESTICATE
SRX4901518,WTD-Michigan,RESERVOIR,USA,WILDLIFE,WILDLIFE
SRX4901519,WTD-Michigan,RESERVOIR,USA,WILDLIFE,WILDLIFE
SRX4901520,WTD-Michigan,RESERVOIR,USA,WILDLIFE,WILDLIFE
SRX4901521,WTD-Michigan,RESERVOIR,USA,WILDLIFE,WILDLIFE
SRX4901522,WTD-Michigan,RESERVOIR,USA,WILDLIFE,WILDLIFE
SRX4901523,WTD-Michigan,RESERVOIR,USA,WILDLIFE,WILDLIFE
SRX4901524,WTD-Michigan,RESERVOIR,USA,WILDLIFE,WILDLIFE
SRX4901525,WTD-Michigan,RESERVOIR,USA,WILDLIFE,WILDLIFE
SRX4901526,WTD-Michigan,RESERVOIR,USA,WILDLIFE,WILDLIFE
SRX4901527,WTD-Michigan,RESERVOIR,USA,WILDLIFE,WILDLIFE
SRX4901528,WTD-Michigan,RESERVOIR,USA,WILDLIFE,WILDLIFE
SRX4901529,WTD-Michigan,RESERVOIR,USA,WILDLIFE,WILDLIFE
SRX4901530,WTD-Michigan,RESERVOIR,USA,WILDLIFE,WILDLIFE
SRX4901531,WTD-Michigan,RESERVOIR,USA,WILDLIFE,WILDLIFE
SRX4901532,WTD-Michigan,RESERVOIR,USA,WILDLIFE,WILDLIFE
SRX4901533,WTD-Michigan,RESERVOIR,USA,WILDLIFE,WILDLIFE
SRX4901534,WTD-Michigan,RESERVOIR,USA,WILDLIFE,WILDLIFE
SRX4901535,WTD-Michigan,RESERVOIR,USA,WILDLIFE,WILDLIFE
SRX4901536,WTD-Michigan,RESERVOIR,USA,WILDLIFE,WILDLIFE
SRX4901537,WTD-Michigan,RESERVOIR,USA,WILDLIFE,WILDLIFE
SRX4901538,WTD-Michigan,RESERVOIR,USA,WILDLIFE,WILDLIFE
SRX4901539,WTD-Michigan,RESERVOIR,USA,WILDLIFE,WILDLIFE
SRX4901540,WTD-Michigan,RESERVOIR,USA,WILDLIFE,WILDLIFE
SRX4901541,WTD-Michigan,RESERVOIR,USA,WILDLIFE,WILDLIFE
SRX4901542,WTD-Michigan,RESERVOIR,USA,WILDLIFE,WILDLIFE
SRX4901543,WTD-Michigan,RESERVOIR,USA,WILDLIFE,WILDLIFE
SRX4901544,WTD-Michigan,RESERVOIR,USA,WILDLIFE,WILDLIFE
SRX4901545,WTD-Michigan,RESERVOIR,USA,WILDLIFE,WILDLIFE
SRX4901547,WTD-Michigan,RESERVOIR,USA,WILDLIFE,WILDLIFE
SRX4901548,WTD-Michigan,RESERVOIR,USA,WILDLIFE,WILDLIFE
SRX4901549,WTD-Michigan,RESERVOIR,USA,WILDLIFE,WILDLIFE
SRX4901550,WTD-Michigan,RESERVOIR,USA,WILDLIFE,WILDLIFE
SRX4901551,WTD-Michigan,RESERVOIR,USA,WILDLIFE,WILDLIFE
SRX5399999,BADGER-UK,RESERVOIR,United Kingdom,WILDLIFE,WILDLIFE
SRX5400000,BADGER-UK,RESERVOIR,United Kingdom,WILDLIFE,WILDLIFE
SRX5400001,BADGER-UK,RESERVOIR,United Kingdom,WILDLIFE,WILDLIFE
SRX5400002,BADGER-UK,RESERVOIR,United Kingdom,WILDLIFE,WILDLIFE
SRX5400003,BADGER-UK,RESERVOIR,United Kingdom,WILDLIFE,WILDLIFE
SRX5400004,BADGER-UK,RESERVOIR,United Kingdom,WILDLIFE,WILDLIFE
SRX5400006,BADGER-UK,RESERVOIR,United Kingdom,WILDLIFE,WILDLIFE
SRX5400007,BADGER-UK,RESERVOIR,United Kingdom,WILDLIFE,WILDLIFE
SRX5400008,BOVINE-UK,RESERVOIR,United Kingdom,CATTLE,DOMESTICATE
SRX5400009,BOVINE-UK,RESERVOIR,United Kingdom,CATTLE,DOMESTICATE
SRX5400010,BADGER-UK,RESERVOIR,United Kingdom,WILDLIFE,WILDLIFE
SRX5400011,BADGER-UK,RESERVOIR,United Kingdom,WILDLIFE,WILDLIFE
SRX5400012,BOVINE-UK,RESERVOIR,United Kingdom,CATTLE,DOMESTICATE
SRX5400013,BOVINE-UK,RESERVOIR,United Kingdom,CATTLE,DOMESTICATE
SRX5400014,BOVINE-UK,RESERVOIR,United Kingdom,CATTLE,DOMESTICATE
SRX5400015,BOVINE-UK,RESERVOIR,United Kingdom,CATTLE,DOMESTICATE
SRX5400016,BADGER-UK,RESERVOIR,United Kingdom,WILDLIFE,WILDLIFE
SRX5400017,BADGER-UK,RESERVOIR,United Kingdom,WILDLIFE,WILDLIFE
SRX5400018,BADGER-UK,RESERVOIR,United Kingdom,WILDLIFE,WILDLIFE
SRX5400019,BADGER-UK,RESERVOIR,United Kingdom,WILDLIFE,WILDLIFE
SRX5400020,BADGER-UK,RESERVOIR,United Kingdom,WILDLIFE,WILDLIFE
SRX5400021,BADGER-UK,RESERVOIR,United Kingdom,WILDLIFE,WILDLIFE
SRX5400022,BADGER-UK,RESERVOIR,United Kingdom,WILDLIFE,WILDLIFE
SRX5400023,BADGER-UK,RESERVOIR,United Kingdom,WILDLIFE,WILDLIFE
SRX5400024,BADGER-UK,RESERVOIR,United Kingdom,WILDLIFE,WILDLIFE
SRX5400025,BADGER-UK,RESERVOIR,United Kingdom,WILDLIFE,WILDLIFE
SRX5400028,BOVINE-UK,RESERVOIR,United Kingdom,CATTLE,DOMESTICATE
SRX5400029,BOVINE-UK,RESERVOIR,United Kingdom,CATTLE,DOMESTICATE
SRX5400030,BOVINE-UK,RESERVOIR,United Kingdom,CATTLE,DOMESTICATE
SRX5400031,BOVINE-UK,RESERVOIR,United Kingdom,CATTLE,DOMESTICATE
SRX5400032,BOVINE-UK,RESERVOIR,United Kingdom,CATTLE,DOMESTICATE
SRX5400033,BOVINE-UK,RESERVOIR,United Kingdom,CATTLE,DOMESTICATE
SRX5400034,BOVINE-UK,RESERVOIR,United Kingdom,CATTLE,DOMESTICATE
SRX5400036,BOVINE-UK,RESERVOIR,United Kingdom,CATTLE,DOMESTICATE
SRX5400038,BOVINE-UK,RESERVOIR,United Kingdom,CATTLE,DOMESTICATE
SRX5400039,BADGER-UK,RESERVOIR,United Kingdom,WILDLIFE,WILDLIFE
SRX5400040,BOVINE-UK,RESERVOIR,United Kingdom,CATTLE,DOMESTICATE
SRX5400041,BOVINE-UK,RESERVOIR,United Kingdom,CATTLE,DOMESTICATE
SRX5400042,BADGER-UK,RESERVOIR,United Kingdom,WILDLIFE,WILDLIFE
SRX5400043,BADGER-UK,RESERVOIR,United Kingdom,WILDLIFE,WILDLIFE
SRX5400044,BOVINE-UK,RESERVOIR,United Kingdom,CATTLE,DOMESTICATE
SRX5400045,BOVINE-UK,RESERVOIR,United Kingdom,CATTLE,DOMESTICATE
SRX5400046,BOVINE-UK,RESERVOIR,United Kingdom,CATTLE,DOMESTICATE
SRX5400047,BOVINE-UK,RESERVOIR,United Kingdom,CATTLE,DOMESTICATE
SRX5400048,BOVINE-UK,RESERVOIR,United Kingdom,CATTLE,DOMESTICATE
SRX5400050,BADGER-UK,RESERVOIR,United Kingdom,WILDLIFE,WILDLIFE
SRX5400051,BADGER-UK,RESERVOIR,United Kingdom,WILDLIFE,WILDLIFE
SRX5400052,BADGER-UK,RESERVOIR,United Kingdom,WILDLIFE,WILDLIFE
SRX5400053,BADGER-UK,RESERVOIR,United Kingdom,WILDLIFE,WILDLIFE
SRX5400054,BADGER-UK,RESERVOIR,United Kingdom,WILDLIFE,WILDLIFE
SRX5400055,BADGER-UK,RESERVOIR,United Kingdom,WILDLIFE,WILDLIFE
SRX5400056,BADGER-UK,RESERVOIR,United Kingdom,WILDLIFE,WILDLIFE
SRX5400057,BADGER-UK,RESERVOIR,United Kingdom,WILDLIFE,WILDLIFE
SRX5400059,BOVINE-UK,RESERVOIR,United Kingdom,CATTLE,DOMESTICATE
SRX5400063,BOVINE-UK,RESERVOIR,United Kingdom,CATTLE,DOMESTICATE
SRX5400068,BOVINE-UK,RESERVOIR,United Kingdom,CATTLE,DOMESTICATE
SRX5400069,BADGER-UK,RESERVOIR,United Kingdom,WILDLIFE,WILDLIFE
SRX5400070,BOVINE-UK,RESERVOIR,United Kingdom,CATTLE,DOMESTICATE
SRX5400071,BOVINE-UK,RESERVOIR,United Kingdom,CATTLE,DOMESTICATE
SRX5400072,BOVINE-UK,RESERVOIR,United Kingdom,CATTLE,DOMESTICATE
SRX5400075,BOVINE-UK,RESERVOIR,United Kingdom,CATTLE,DOMESTICATE
SRX5400077,BOVINE-UK,RESERVOIR,United Kingdom,CATTLE,DOMESTICATE
SRX5400078,BOVINE-UK,RESERVOIR,United Kingdom,CATTLE,DOMESTICATE
SRX5400079,BOVINE-UK,RESERVOIR,United Kingdom,CATTLE,DOMESTICATE
SRX5400080,BOVINE-UK,RESERVOIR,United Kingdom,CATTLE,DOMESTICATE
SRX5400082,BOVINE-UK,RESERVOIR,United Kingdom,CATTLE,DOMESTICATE
SRX5400083,BOVINE-UK,RESERVOIR,United Kingdom,CATTLE,DOMESTICATE
SRX5400084,BOVINE-UK,RESERVOIR,United Kingdom,CATTLE,DOMESTICATE
SRX5400087,BADGER-UK,RESERVOIR,United Kingdom,WILDLIFE,WILDLIFE
SRX5400089,BADGER-UK,RESERVOIR,United Kingdom,WILDLIFE,WILDLIFE
SRX5400090,BADGER-UK,RESERVOIR,United Kingdom,WILDLIFE,WILDLIFE
SRX5400091,BADGER-UK,RESERVOIR,United Kingdom,WILDLIFE,WILDLIFE
SRX5400092,BADGER-UK,RESERVOIR,United Kingdom,WILDLIFE,WILDLIFE
SRX5400093,BOVINE-UK,RESERVOIR,United Kingdom,CATTLE,DOMESTICATE
SRX5400094,BOVINE-UK,RESERVOIR,United Kingdom,CATTLE,DOMESTICATE
SRX5400095,BOVINE-UK,RESERVOIR,United Kingdom,CATTLE,DOMESTICATE
SRX5400096,BOVINE-UK,RESERVOIR,United Kingdom,CATTLE,DOMESTICATE
SRX5400097,BOVINE-UK,RESERVOIR,United Kingdom,CATTLE,DOMESTICATE
SRX5400098,BOVINE-UK,RESERVOIR,United Kingdom,CATTLE,DOMESTICATE
SRX5400099,BADGER-UK,RESERVOIR,United Kingdom,WILDLIFE,WILDLIFE
SRX5400100,BADGER-UK,RESERVOIR,United Kingdom,WILDLIFE,WILDLIFE
SRX5400101,BADGER-UK,RESERVOIR,United Kingdom,WILDLIFE,WILDLIFE
SRX5400102,BADGER-UK,RESERVOIR,United Kingdom,WILDLIFE,WILDLIFE
SRX5400104,BADGER-UK,RESERVOIR,United Kingdom,WILDLIFE,WILDLIFE
SRX5400105,BADGER-UK,RESERVOIR,United Kingdom,WILDLIFE,WILDLIFE
SRX5400106,BADGER-UK,RESERVOIR,United Kingdom,WILDLIFE,WILDLIFE
SRX5400107,BADGER-UK,RESERVOIR,United Kingdom,WILDLIFE,WILDLIFE
SRX5400109,BADGER-UK,RESERVOIR,United Kingdom,WILDLIFE,WILDLIFE
SRX5400111,BOVINE-UK,RESERVOIR,United Kingdom,CATTLE,DOMESTICATE
SRX5400112,BOVINE-UK,RESERVOIR,United Kingdom,CATTLE,DOMESTICATE
SRX5400113,BOVINE-UK,RESERVOIR,United Kingdom,CATTLE,DOMESTICATE
SRX5400114,BOVINE-UK,RESERVOIR,United Kingdom,CATTLE,DOMESTICATE
SRX5400115,BOVINE-UK,RESERVOIR,United Kingdom,CATTLE,DOMESTICATE
SRX5400119,BOVINE-UK,RESERVOIR,United Kingdom,CATTLE,DOMESTICATE
SRX5400120,BOVINE-UK,RESERVOIR,United Kingdom,CATTLE,DOMESTICATE
SRX5400121,BOVINE-UK,RESERVOIR,United Kingdom,CATTLE,DOMESTICATE
SRX5400122,BOVINE-UK,RESERVOIR,United Kingdom,CATTLE,DOMESTICATE
SRX5400123,BOVINE-UK,RESERVOIR,United Kingdom,CATTLE,DOMESTICATE
SRX5400124,BOVINE-UK,RESERVOIR,United Kingdom,CATTLE,DOMESTICATE
SRX5400125,BOVINE-UK,RESERVOIR,United Kingdom,CATTLE,DOMESTICATE
SRX5400126,BOVINE-UK,RESERVOIR,United Kingdom,CATTLE,DOMESTICATE
SRX5400128,BOVINE-UK,RESERVOIR,United Kingdom,CATTLE,DOMESTICATE
SRX5400129,BOVINE-UK,RESERVOIR,United Kingdom,CATTLE,DOMESTICATE
SRX5400130,BADGER-UK,RESERVOIR,United Kingdom,WILDLIFE,WILDLIFE
SRX5400131,BADGER-UK,RESERVOIR,United Kingdom,WILDLIFE,WILDLIFE
SRX5400133,BADGER-UK,RESERVOIR,United Kingdom,WILDLIFE,WILDLIFE
SRX5400134,BADGER-UK,RESERVOIR,United Kingdom,WILDLIFE,WILDLIFE
SRX5400135,BADGER-UK,RESERVOIR,United Kingdom,WILDLIFE,WILDLIFE
SRX5400136,BADGER-UK,RESERVOIR,United Kingdom,WILDLIFE,WILDLIFE
SRX5400137,BADGER-UK,RESERVOIR,United Kingdom,WILDLIFE,WILDLIFE
SRX5400138,BADGER-UK,RESERVOIR,United Kingdom,WILDLIFE,WILDLIFE
SRX5400139,BADGER-UK,RESERVOIR,United Kingdom,WILDLIFE,WILDLIFE
SRX5400140,BADGER-UK,RESERVOIR,United Kingdom,WILDLIFE,WILDLIFE
SRX5400141,BADGER-UK,RESERVOIR,United Kingdom,WILDLIFE,WILDLIFE
SRX5400142,BADGER-UK,RESERVOIR,United Kingdom,WILDLIFE,WILDLIFE
SRX5400145,BADGER-UK,RESERVOIR,United Kingdom,WILDLIFE,WILDLIFE
SRX5400146,BADGER-UK,RESERVOIR,United Kingdom,WILDLIFE,WILDLIFE
SRX5400147,BADGER-UK,RESERVOIR,United Kingdom,WILDLIFE,WILDLIFE
SRX5400153,BADGER-UK,RESERVOIR,United Kingdom,WILDLIFE,WILDLIFE
SRX5400154,BADGER-UK,RESERVOIR,United Kingdom,WILDLIFE,WILDLIFE
SRX5400155,BADGER-UK,RESERVOIR,United Kingdom,WILDLIFE,WILDLIFE
SRX5400156,BADGER-UK,RESERVOIR,United Kingdom,WILDLIFE,WILDLIFE
SRX5400157,BADGER-UK,RESERVOIR,United Kingdom,WILDLIFE,WILDLIFE
SRX5400158,BADGER-UK,RESERVOIR,United Kingdom,WILDLIFE,WILDLIFE
SRX5400159,BADGER-UK,RESERVOIR,United Kingdom,WILDLIFE,WILDLIFE
SRX5400160,BADGER-UK,RESERVOIR,United Kingdom,WILDLIFE,WILDLIFE
SRX5400161,BADGER-UK,RESERVOIR,United Kingdom,WILDLIFE,WILDLIFE
SRX5400162,BADGER-UK,RESERVOIR,United Kingdom,WILDLIFE,WILDLIFE
SRX5400167,BADGER-UK,RESERVOIR,United Kingdom,WILDLIFE,WILDLIFE
SRX5400169,BADGER-UK,RESERVOIR,United Kingdom,WILDLIFE,WILDLIFE
SRX5400170,BADGER-UK,RESERVOIR,United Kingdom,WILDLIFE,WILDLIFE
SRX5400171,BADGER-UK,RESERVOIR,United Kingdom,WILDLIFE,WILDLIFE
SRX5400172,BADGER-UK,RESERVOIR,United Kingdom,WILDLIFE,WILDLIFE
SRX5400174,BOVINE-UK,RESERVOIR,United Kingdom,CATTLE,DOMESTICATE
SRX5400175,BOVINE-UK,RESERVOIR,United Kingdom,CATTLE,DOMESTICATE
SRX5400176,BOVINE-UK,RESERVOIR,United Kingdom,CATTLE,DOMESTICATE
SRX5400177,BOVINE-UK,RESERVOIR,United Kingdom,CATTLE,DOMESTICATE
SRX5400178,BOVINE-UK,RESERVOIR,United Kingdom,CATTLE,DOMESTICATE
SRX5400179,BOVINE-UK,RESERVOIR,United Kingdom,CATTLE,DOMESTICATE
SRX5400180,BOVINE-UK,RESERVOIR,United Kingdom,CATTLE,DOMESTICATE
SRX5400181,BOVINE-UK,RESERVOIR,United Kingdom,CATTLE,DOMESTICATE
SRX5400182,BOVINE-UK,RESERVOIR,United Kingdom,CATTLE,DOMESTICATE
SRX5400183,BADGER-UK,RESERVOIR,United Kingdom,WILDLIFE,WILDLIFE
SRX5400184,BADGER-UK,RESERVOIR,United Kingdom,WILDLIFE,WILDLIFE
SRX5400185,BADGER-UK,RESERVOIR,United Kingdom,WILDLIFE,WILDLIFE
SRX5400186,BADGER-UK,RESERVOIR,United Kingdom,WILDLIFE,WILDLIFE
SRX5400187,BADGER-UK,RESERVOIR,United Kingdom,WILDLIFE,WILDLIFE
SRX5400188,BADGER-UK,RESERVOIR,United Kingdom,WILDLIFE,WILDLIFE
SRX5400189,BADGER-UK,RESERVOIR,United Kingdom,WILDLIFE,WILDLIFE
SRX5400190,BADGER-UK,RESERVOIR,United Kingdom,WILDLIFE,WILDLIFE
SRX5400191,BADGER-UK,RESERVOIR,United Kingdom,WILDLIFE,WILDLIFE
SRX5400192,BADGER-UK,RESERVOIR,United Kingdom,WILDLIFE,WILDLIFE
SRX5400193,BOVINE-UK,RESERVOIR,United Kingdom,CATTLE,DOMESTICATE
SRX5400194,BOVINE-UK,RESERVOIR,United Kingdom,CATTLE,DOMESTICATE
SRX5400196,BOVINE-UK,RESERVOIR,United Kingdom,CATTLE,DOMESTICATE
SRX5400197,BOVINE-UK,RESERVOIR,United Kingdom,CATTLE,DOMESTICATE
SRX5400199,BOVINE-UK,RESERVOIR,United Kingdom,CATTLE,DOMESTICATE
SRX5400201,BOVINE-UK,RESERVOIR,United Kingdom,CATTLE,DOMESTICATE
SRX5400202,BOVINE-UK,RESERVOIR,United Kingdom,CATTLE,DOMESTICATE
SRX5400204,BOVINE-UK,RESERVOIR,United Kingdom,CATTLE,DOMESTICATE
SRX5400206,BOVINE-UK,RESERVOIR,United Kingdom,CATTLE,DOMESTICATE
SRX5400207,BOVINE-UK,RESERVOIR,United Kingdom,CATTLE,DOMESTICATE
SRX5400209,BOVINE-UK,RESERVOIR,United Kingdom,CATTLE,DOMESTICATE
SRX5400210,BADGER-UK,RESERVOIR,United Kingdom,WILDLIFE,WILDLIFE
SRX5400211,BADGER-UK,RESERVOIR,United Kingdom,WILDLIFE,WILDLIFE
SRX5400212,BOVINE-UK,RESERVOIR,United Kingdom,CATTLE,DOMESTICATE
SRX5400213,BOVINE-UK,RESERVOIR,United Kingdom,CATTLE,DOMESTICATE
SRX5400215,BOVINE-UK,RESERVOIR,United Kingdom,CATTLE,DOMESTICATE
SRX5400216,BOVINE-UK,RESERVOIR,United Kingdom,CATTLE,DOMESTICATE
SRX5400217,BOVINE-UK,RESERVOIR,United Kingdom,CATTLE,DOMESTICATE
SRX5400218,BOVINE-UK,RESERVOIR,United Kingdom,CATTLE,DOMESTICATE
SRX5400219,BOVINE-UK,RESERVOIR,United Kingdom,CATTLE,DOMESTICATE
SRX5400220,BOVINE-UK,RESERVOIR,United Kingdom,CATTLE,DOMESTICATE
SRX5400221,BOVINE-UK,RESERVOIR,United Kingdom,CATTLE,DOMESTICATE
SRX5400222,BOVINE-UK,RESERVOIR,United Kingdom,CATTLE,DOMESTICATE
SRX5400223,BOVINE-UK,RESERVOIR,United Kingdom,CATTLE,DOMESTICATE
SRX5400224,BOVINE-UK,RESERVOIR,United Kingdom,CATTLE,DOMESTICATE
SRX5400225,BOVINE-UK,RESERVOIR,United Kingdom,CATTLE,DOMESTICATE
SRX5400227,BADGER-UK,RESERVOIR,United Kingdom,WILDLIFE,WILDLIFE
SRX5400228,BADGER-UK,RESERVOIR,United Kingdom,WILDLIFE,WILDLIFE
SRX5400229,BADGER-UK,RESERVOIR,United Kingdom,WILDLIFE,WILDLIFE
SRX5400230,BADGER-UK,RESERVOIR,United Kingdom,WILDLIFE,WILDLIFE
SRX5400232,BADGER-UK,RESERVOIR,United Kingdom,WILDLIFE,WILDLIFE
SRX5400233,BADGER-UK,RESERVOIR,United Kingdom,WILDLIFE,WILDLIFE
SRX5400234,BADGER-UK,RESERVOIR,United Kingdom,WILDLIFE,WILDLIFE
SRX5400235,BADGER-UK,RESERVOIR,United Kingdom,WILDLIFE,WILDLIFE
SRX5400236,BADGER-UK,RESERVOIR,United Kingdom,WILDLIFE,WILDLIFE
SRX5400237,BADGER-UK,RESERVOIR,United Kingdom,WILDLIFE,WILDLIFE
SRX5400238,BADGER-UK,RESERVOIR,United Kingdom,WILDLIFE,WILDLIFE
SRX5400239,BADGER-UK,RESERVOIR,United Kingdom,WILDLIFE,WILDLIFE
SRX5400240,BADGER-UK,RESERVOIR,United Kingdom,WILDLIFE,WILDLIFE
SRX5400241,BADGER-UK,RESERVOIR,United Kingdom,WILDLIFE,WILDLIFE
SRX5400242,BADGER-UK,RESERVOIR,United Kingdom,WILDLIFE,WILDLIFE
SRX5400243,BADGER-UK,RESERVOIR,United Kingdom,WILDLIFE,WILDLIFE
SRX5400244,BADGER-UK,RESERVOIR,United Kingdom,WILDLIFE,WILDLIFE
SRX5400245,BADGER-UK,RESERVOIR,United Kingdom,WILDLIFE,WILDLIFE
SRX5400246,BADGER-UK,RESERVOIR,United Kingdom,WILDLIFE,WILDLIFE
SRX5400247,BADGER-UK,RESERVOIR,United Kingdom,WILDLIFE,WILDLIFE
SRX5400248,BADGER-UK,RESERVOIR,United Kingdom,WILDLIFE,WILDLIFE
SRX5400249,BADGER-UK,RESERVOIR,United Kingdom,WILDLIFE,WILDLIFE
SRX5400250,BADGER-UK,RESERVOIR,United Kingdom,WILDLIFE,WILDLIFE
SRX5400251,BADGER-UK,RESERVOIR,United Kingdom,WILDLIFE,WILDLIFE
SRX5400252,BOVINE-UK,RESERVOIR,United Kingdom,CATTLE,DOMESTICATE
SRX5400253,BOVINE-UK,RESERVOIR,United Kingdom,CATTLE,DOMESTICATE
SRX5400255,BOVINE-UK,RESERVOIR,United Kingdom,CATTLE,DOMESTICATE
SRX5400257,BOVINE-UK,RESERVOIR,United Kingdom,CATTLE,DOMESTICATE
SRX5400258,BOVINE-UK,RESERVOIR,United Kingdom,CATTLE,DOMESTICATE
SRX5400259,BOVINE-UK,RESERVOIR,United Kingdom,CATTLE,DOMESTICATE
SRX5400260,BOVINE-UK,RESERVOIR,United Kingdom,CATTLE,DOMESTICATE
SRX5400261,BOVINE-UK,RESERVOIR,United Kingdom,CATTLE,DOMESTICATE
SRX5400262,BADGER-UK,RESERVOIR,United Kingdom,WILDLIFE,WILDLIFE
SRX5400263,BADGER-UK,RESERVOIR,United Kingdom,WILDLIFE,WILDLIFE
SRX5400264,BADGER-UK,RESERVOIR,United Kingdom,WILDLIFE,WILDLIFE
SRX5400265,BADGER-UK,RESERVOIR,United Kingdom,WILDLIFE,WILDLIFE
SRX5400266,BADGER-UK,RESERVOIR,United Kingdom,WILDLIFE,WILDLIFE
SRX5400267,BADGER-UK,RESERVOIR,United Kingdom,WILDLIFE,WILDLIFE
SRX5400268,BADGER-UK,RESERVOIR,United Kingdom,WILDLIFE,WILDLIFE
SRX5400269,BADGER-UK,RESERVOIR,United Kingdom,WILDLIFE,WILDLIFE
SRX5400270,BADGER-UK,RESERVOIR,United Kingdom,WILDLIFE,WILDLIFE
SRX5400271,BADGER-UK,RESERVOIR,United Kingdom,WILDLIFE,WILDLIFE
SRX5400272,BADGER-UK,RESERVOIR,United Kingdom,WILDLIFE,WILDLIFE
SRX5400275,BOVINE-UK,RESERVOIR,United Kingdom,CATTLE,DOMESTICATE
SRX5400276,BOVINE-UK,RESERVOIR,United Kingdom,CATTLE,DOMESTICATE
SRX5400277,BOVINE-UK,RESERVOIR,United Kingdom,CATTLE,DOMESTICATE
SRX5400278,BOVINE-UK,RESERVOIR,United Kingdom,CATTLE,DOMESTICATE
SRX5400280,BOVINE-UK,RESERVOIR,United Kingdom,CATTLE,DOMESTICATE
SRX5400281,BOVINE-UK,RESERVOIR,United Kingdom,CATTLE,DOMESTICATE
SRX5400283,BOVINE-UK,RESERVOIR,United Kingdom,CATTLE,DOMESTICATE
SRX5400286,BOVINE-UK,RESERVOIR,United Kingdom,CATTLE,DOMESTICATE
SRX5400287,BADGER-UK,RESERVOIR,United Kingdom,WILDLIFE,WILDLIFE
SRX5400288,BOVINE-UK,RESERVOIR,United Kingdom,CATTLE,DOMESTICATE
SRX5400289,BOVINE-UK,RESERVOIR,United Kingdom,CATTLE,DOMESTICATE
SRX5400290,BADGER-UK,RESERVOIR,United Kingdom,WILDLIFE,WILDLIFE
SRX5400291,BADGER-UK,RESERVOIR,United Kingdom,WILDLIFE,WILDLIFE
SRX5400296,BADGER-UK,RESERVOIR,United Kingdom,WILDLIFE,WILDLIFE
SRX5400297,BADGER-UK,RESERVOIR,United Kingdom,WILDLIFE,WILDLIFE
SRX5400299,BADGER-UK,RESERVOIR,United Kingdom,WILDLIFE,WILDLIFE
SRX5400300,BOVINE-UK,RESERVOIR,United Kingdom,CATTLE,DOMESTICATE
SRX5400301,BOVINE-UK,RESERVOIR,United Kingdom,CATTLE,DOMESTICATE
SRX5400303,BOVINE-UK,RESERVOIR,United Kingdom,CATTLE,DOMESTICATE
SRX5400304,BOVINE-UK,RESERVOIR,United Kingdom,CATTLE,DOMESTICATE
SRX5400305,BOVINE-UK,RESERVOIR,United Kingdom,CATTLE,DOMESTICATE
SRX5400306,BADGER-UK,RESERVOIR,United Kingdom,WILDLIFE,WILDLIFE
SRX5400307,BADGER-UK,RESERVOIR,United Kingdom,WILDLIFE,WILDLIFE
SRX5400308,BADGER-UK,RESERVOIR,United Kingdom,WILDLIFE,WILDLIFE
SRX5400309,BADGER-UK,RESERVOIR,United Kingdom,WILDLIFE,WILDLIFE
SRX5400310,BOVINE-UK,RESERVOIR,United Kingdom,CATTLE,DOMESTICATE
SRX5400311,BADGER-UK,RESERVOIR,United Kingdom,WILDLIFE,WILDLIFE
SRX5400312,BADGER-UK,RESERVOIR,United Kingdom,WILDLIFE,WILDLIFE
SRX5400313,BADGER-UK,RESERVOIR,United Kingdom,WILDLIFE,WILDLIFE
SRX5400314,BADGER-UK,RESERVOIR,United Kingdom,WILDLIFE,WILDLIFE
SRX5400315,BADGER-UK,RESERVOIR,United Kingdom,WILDLIFE,WILDLIFE
SRX5400316,BOVINE-UK,RESERVOIR,United Kingdom,CATTLE,DOMESTICATE
SRX5400317,BOVINE-UK,RESERVOIR,United Kingdom,CATTLE,DOMESTICATE
SRX5400324,BADGER-UK,RESERVOIR,United Kingdom,WILDLIFE,WILDLIFE
SRX5400325,BADGER-UK,RESERVOIR,United Kingdom,WILDLIFE,WILDLIFE
SRX5400327,BADGER-UK,RESERVOIR,United Kingdom,WILDLIFE,WILDLIFE
SRX5400328,BOVINE-UK,RESERVOIR,United Kingdom,CATTLE,DOMESTICATE
SRX5400329,BOVINE-UK,RESERVOIR,United Kingdom,CATTLE,DOMESTICATE
SRX5400330,BOVINE-UK,RESERVOIR,United Kingdom,CATTLE,DOMESTICATE
SRX5400331,BOVINE-UK,RESERVOIR,United Kingdom,CATTLE,DOMESTICATE
SRX5400332,BOVINE-UK,RESERVOIR,United Kingdom,CATTLE,DOMESTICATE
SRX5400333,BOVINE-UK,RESERVOIR,United Kingdom,CATTLE,DOMESTICATE
SRX5400334,BOVINE-UK,RESERVOIR,United Kingdom,CATTLE,DOMESTICATE
SRX5400335,BOVINE-UK,RESERVOIR,United Kingdom,CATTLE,DOMESTICATE
SRX5400339,BOVINE-UK,RESERVOIR,United Kingdom,CATTLE,DOMESTICATE
SRX5400340,BOVINE-UK,RESERVOIR,United Kingdom,CATTLE,DOMESTICATE
SRX5400341,BADGER-UK,RESERVOIR,United Kingdom,WILDLIFE,WILDLIFE
SRX5400342,BADGER-UK,RESERVOIR,United Kingdom,WILDLIFE,WILDLIFE
SRX5400343,BADGER-UK,RESERVOIR,United Kingdom,WILDLIFE,WILDLIFE
SRX5400344,BOVINE-UK,RESERVOIR,United Kingdom,CATTLE,DOMESTICATE
SRX5400345,BADGER-UK,RESERVOIR,United Kingdom,WILDLIFE,WILDLIFE
SRX5400346,BADGER-UK,RESERVOIR,United Kingdom,WILDLIFE,WILDLIFE
SRX5400347,BADGER-UK,RESERVOIR,United Kingdom,WILDLIFE,WILDLIFE
SRX5400348,BADGER-UK,RESERVOIR,United Kingdom,WILDLIFE,WILDLIFE
SRX5400349,BADGER-UK,RESERVOIR,United Kingdom,WILDLIFE,WILDLIFE
SRX5400350,BOVINE-UK,RESERVOIR,United Kingdom,CATTLE,DOMESTICATE